2026-03-01 18:49:04;Privado/Desconhecido;monitores;monitor
2026-03-01 18:49:06;KleiTech Promoções;monitores;🔥 Aparador E Raspador Philips Oneblade Qp1425/10 |  | 💰 R$ 138 | 🎟 Cupom: MELINOJOGO18 |  | ✅ Link do produto: 👇 | ➡️ https://meli.la/2WLja7B
2026-03-01 19:07:01;Tech GAMER PROMOÇÕES--🏷;monitores;"🔥🇧🇷 AOC IPS Monitor Gamer AOC 24"" Full HD 180Hz Gaming G4 24G4/P HDMI DisplayPort Base Ajustável |  | - Vendido por Magalu 🇧🇷 Direto do Brasil |  | 💵 R$ 596 | 📝 Cupom: AEBR6 + 141 moedas no APP |  | ⬇️ | https://s.click.aliexpress.com/e/_c3qzwlp1 | https://s.click.aliexpress.com/e/_c3qzwlp1 |  | ⬇️ NO PC | https://s.click.aliexpress.com/e/_c4qayVe7 |  | 🔔Convide Seus Amigos: | 🔵Telegram: https://t.me/achadoshardware"
2026-03-01 19:29:01;Tech GAMER PROMOÇÕES--🏷;monitores;Monitor Gamer Samsung Odyssey G5 27 |  | R$ 1.108 | Cupom: ESQUENTA100 |  | https://amzn.to/3ODcMXh |  | 🔔Convide Seus Amigos: | 🔵Telegram: https://t.me/achadoshardware
2026-03-01 19:43:02;Tech GAMER PROMOÇÕES--🏷;teclados;#Aliexpress |  |  | 🔥 Teclado Magnético Tri-Mode AULA MINI60 HE MAX 60% ANSI US Layout Wired/BT/2.4Ghz |  | 💵Valor: R$  231 |  | 📝Cupom: AEBR8+ S6ZWT1JW6SD0 + moedas |  | 🥇 Link com moedas: | 🔗 https://s.click.aliexpress.com/e/_c3SdwS3p |  | 🖥 Link para PC: | 🔗 https://s.click.aliexpress.com/e/_c3a8InpD |  | 🔔Convide Seus Amigos: | 🔵Telegram: https://t.me/achadoshardware
2026-03-01 19:44:01;Tech GAMER PROMOÇÕES--🏷;monitores;🔥 🇧🇷 No Brasil | Caixa de Som Monitor De Áudio Bluetooth 100W RMS Woofer 5 Polegadas Tweeter 1 Polegada MDF Premium com USB RCA e Entrada Óptica | AliExpress |  | 💸 Por R$493,30 | 🏷 Cupom: AEBR6 + 630 moedas |  | 🥇 Link só no APP com desconto maior de moedas: | 🔗 https://s.click.aliexpress.com/e/_c4oxtxjd |  | 🖥 Link para PC: | 🔗  https://s.click.aliexpress.com/e/_c3tNyuIf |  | 🔔Convide Seus Amigos: | 🔵Telegram: https://t.me/achadoshardware
2026-03-01 19:44:02;Tech GAMER PROMOÇÕES--🏷;monitores;🔥Kit X99 Atermiter D4 + Xeon 2680v4 + 2x16GB 3200mhz (32GB) ECC Servidor |  | ⚠️Placa mãe padrão ATX com Chipset C612 e 4x usb 3.0, provavelmente tem ou dá pra colocar Secure Boot. Não deve ter suporte ao TPM 2.0 |  | 🇧🇷No Brasil |  | 💵Valor: R$861 + 200 moedas |  | 🔖Cupom: AEBR3 |  | 👉App: https://s.click.aliexpress.com/e/_c3YgBLI7 |  | 👉Pc: https://s.click.aliexpress.com/e/_c4qX4Xqj |  | 🔔Convide Seus Amigos: | 🔵Telegram: https://t.me/achadoshardware
2026-03-01 20:08:43;Tech GAMER PROMOÇÕES--🏷;monitores;"🖥 Haiz Monitor Gamer 25"" 144hz 0.5ms 1920x1080 Adaptative Sync FHD HDMI/DP IPS VESA |  | 💰 R$ 589,99  | Em até 12x de R$ 51,73 sem juros | CUPOM: ESQUENTA30 (somente no app) | 🚚 Entrega GRÁTIS |  | Link do produto:  | 👉 https://amzn.to/4tTMUGG |  | 🔔Convide Seus Amigos: | 🔵Telegram: https://t.me/achadoshardware"
2026-03-01 20:13:03;Tech GAMER PROMOÇÕES--🏷;monitores;🔥 AOC, Monitor 22” 120Hz, 22B35HM23, 1ms Gaming, HDMI |  | 💵 R$ 414 via pix |  | 🎟 Cupom: ESQUENTA30 no app |  | 🔗 https://amzn.to/40CIdDH |  | 📢 Anúncio |  | 🔔Convide Seus Amigos: | 🔵Telegram: https://t.me/achadoshardware
2026-03-01 20:34:03;KleiTech Promoções;monitores;"🔥 Monitor Gamer AOC 22B35HM23 22"" 120Hz 1ms |  | 💰 R$ 414 via Pix | 🎟 Cupom: ESQUENTA30 no App |  | ✅ Link do produto: 👇 | ➡️ https://www.amazon.com.br/dp/B0F4L1SBV3?tag=kleitostech-20"
2026-03-01 21:08:06;KleiTech Promoções;teclados;🔥 Teclado Akko MonsGeek FUN60 PRO HE |  | Envio do Brasil, livre de impostos!! 🇧🇷 |  | 💰 R$ 150 | 🎟 Cupom: AEBR8 + 490 moedas |  | ✅ Link do produto: 👇 | ➡️ https://s.click.aliexpress.com/e/_c4D6wiBZ
2026-03-01 21:25:57;KleiTech Promoções;teclados;🔥 Mouse Gamer Ajazz AJ139 V2 MC sem fio trimode wireless PAW3311 com Dock de carregamento 500mAh |  | 💰 R$ 116 | 🎟 Cupom: AJAZZ222888 ou AJAZZ288888 ou C5Y2BHT253UK + AEBR1 ou IFPI158Q + 56 moedas no APP |  | ✅ Link do produto: 👇 | ➡️ https://s.click.aliexpress.com/e/_c3SIFGfZ
2026-03-01 21:39:07;Tech GAMER PROMOÇÕES--🏷;monitores;"🖥 AOC, Monitor Gamer 24"" 180Hz, 24G30E, 1ms, HDR, IPS |  | 💰 R$ 669,00 em até 10x de R$ 69,90 sem juros |  | CUPOM: ESQUENTA30 (somente no app) |  | 🚚 Entrega GRÁTIS |  | Link do produto:  | 👉 https://amzn.to/40Eq1JU |  | 🔔Convide Seus Amigos: | 🔵Telegram: https://t.me/achadoshardware"
2026-03-01 21:50:10;KleiTech Promoções;teclados;🔥 Fans Prism 4RS Argb |  | 💰 R$ 65 | 🎟 Cupom: AEBR1 + 888 Moedas |  | ✅ Link do produto: 👇 | ➡️ 🔥 Fans Prism 4RS Argb |  | 💰 R$ 65 | 🎟 Cupom: AEBR1 + 888 Moedas |  | ✅ Link do produto: 👇 | ➡️  | APENAS PELO APLICATIVO |  | TECLADOS PARA COMPRAR CASO TENHA GOL DE ATACANTE (CUPOM DE R$100 OFF) |  | Teclado Mecânico Gamer Hyrax Thunder HCK61, LED Vermelho, Switch Red, 100%  |  | por: 16 REAIS |  | CUPOM: ?? |  | / | ]APENAS PELO APLICATIVO |  | TECLADOS PARA COMPRAR CASO TENHA GOL DE ATACANTE (CUPOM DE R$100 OFF) |  | Teclado Mecânico Gamer Hyrax Thunder HCK61, LED Vermelho, Switch Red, 100%  |  | por: 16 REAIS |  | CUPOM: ?? |  | /]
2026-03-01 21:51:08;KleiTech Promoções;monitores;🔥 Monitor LG UltraGear G4 24'' 24G411A-B |  | - 24 POL | - PAINEL IPS | - 144HZ  | - 1MS  | - 99%srgb |  | POR: 💰 659 REAIS CASO TENHA GOL DE ATACANTE (CUPOM DE R$100 OFF) |  | POR: 💰 559 REAIS CASO TENHA GOL DE MEIA (CUPOM DE R$200 OFF) |  | POR: 💰 459 REAIS CASO TENHA GOL DE DEFENSOR (CUPOM DE R$300 OFF) |  | LINK: http://www.magazineluiza.com.br/monitor-gamer-lg-ultragear-24-full-hd-144hz-1ms-ips-g-sync-freesync-hdr10-preto-24g411a-b/divulgador/oferta/fe97c2jea4/in/mnpc/?promoterid=promoterid5485976
2026-03-01 21:59:07;Tech GAMER PROMOÇÕES--🏷;teclados;Teclado Gamer Mecanico Aplus Iara Aqua, TKL 80% |  |  R$279,93 | Em até 6x R$ 46,68 sem juros |  | https://amzn.to/4aZUpmT |  | 🔔Convide Seus Amigos: | 🔵Telegram: https://t.me/achadoshardware
2026-03-01 23:48:12;InfoBR - Promoções;monitores;"🔥 Suporte de Mesa Articulado para Monitor de 17"" a 32"" North Bayou - F80 NB |  | ✅ Por R$ 59 | 🏷 Cupom: CUPOM50DALU |  | https://cutt.ly/wtEDrX9v |  | 🤝 #publi"
2026-03-01 23:51:59;Tech GAMER PROMOÇÕES--🏷;monitores;"🔥 Suporte de Mesa Articulado para Monitor de 17"" a 32"" North Bayou, Ajustes com Pistão a Gás, Grafite - F80 NB |  | 💵 R$ 59 | 🎟 Cupom no APP: CUPOM50DALU |  | https://www.magazineluiza.com.br/suporte-de-mesa-articulado-para-monitor-de-17-a-32-north-bayou-ajustes-com-pistao-a-gas-grafite-f80-nb/divulgador/oferta/haahh9haca/in/smor/?promoter_id=4200251&partner_id=3440 |  | 🔔Convide Seus Amigos: | 🔵Telegram: https://t.me/achadoshardware"
2026-03-02 00:03:40;Tech GAMER PROMOÇÕES--🏷;monitores;🔥 Câmera de Segurança Wi-Fi S34, Full HD1080p, IP65, Visão Noturna 10m, Áudio Bidirecional, Detecção de Movimento, Armazenamento até 512GB, Monitoramento Remoto - Garantia 3 anos |  | 💵 R$ 42 | https://amzn.to/4ror4sF |  | anúncio |  | 🔔Convide Seus Amigos: | 🔵Telegram: https://t.me/achadoshardware
2026-03-02 00:05:08;Tech GAMER PROMOÇÕES--🏷;monitores;🔥 Bicicleta ergométrica, bike de exercício interno, bicicleta ergométrica com monitor LCD |  | 💵 R$ 569 | https://amzn.to/4bieVjR |  | anúncio |  | 🔔Convide Seus Amigos: | 🔵Telegram: https://t.me/achadoshardware